Datetime,Water Level (m)
2025-09-16 00:00:00,0.86304754
2025-09-16 01:00:00,0.8807681
2025-09-16 02:00:00,0.8176739
2025-09-16 03:00:00,0.68685627
2025-09-16 04:00:00,0.49781105
2025-09-16 05:00:00,0.33231953
2025-09-16 06:00:00,0.20659083
2025-09-16 07:00:00,0.109251045
2025-09-16 08:00:00,0.044021625
2025-09-16 09:00:00,0.04863188
2025-09-16 10:00:00,0.2173868
2025-09-16 11:00:00,0.4878267
2025-09-16 12:00:00,0.6475873
2025-09-16 13:00:00,0.6804208
2025-09-16 14:00:00,0.642765
2025-09-16 15:00:00,0.54760057
2025-09-16 16:00:00,0.38613158
2025-09-16 17:00:00,0.21926154
2025-09-16 18:00:00,0.08465506
2025-09-16 19:00:00,-0.009174851
2025-09-16 20:00:00,-0.058611307
2025-09-16 21:00:00,-0.028934836
2025-09-16 22:00:00,0.170229
2025-09-16 23:00:00,0.49548104
2025-09-17 00:00:00,0.7544194
2025-09-17 01:00:00,0.90366614
2025-09-17 02:00:00,0.97648555
2025-09-17 03:00:00,0.97336
2025-09-17 04:00:00,0.8627307
2025-09-17 05:00:00,0.63197
2025-09-17 06:00:00,0.40614194
2025-09-17 07:00:00,0.23686935
2025-09-17 08:00:00,0.11625728
2025-09-17 09:00:00,0.025628332
2025-09-17 10:00:00,-0.019952146
2025-09-17 11:00:00,0.089976184
2025-09-17 12:00:00,0.45148528
2025-09-17 13:00:00,0.7209857
2025-09-17 14:00:00,0.8345044
2025-09-17 15:00:00,0.84912485
2025-09-17 16:00:00,0.7798043
2025-09-17 17:00:00,0.5904395
2025-09-17 18:00:00,0.35297063
2025-09-17 19:00:00,0.17246325
2025-09-17 20:00:00,0.04091244
2025-09-17 21:00:00,-0.05082337
2025-09-17 22:00:00,-0.09250843
2025-09-17 23:00:00,0.027251597
2025-09-18 00:00:00,0.4461901
2025-09-18 01:00:00,0.80768675
2025-09-18 02:00:00,1.0127043
2025-09-18 03:00:00,1.1036136
2025-09-18 04:00:00,1.0959647
2025-09-18 05:00:00,0.953203
2025-09-18 06:00:00,0.68362135
2025-09-18 07:00:00,0.43595412
2025-09-18 08:00:00,0.25768209
2025-09-18 09:00:00,0.12905869
2025-09-18 10:00:00,0.021373596
2025-09-18 11:00:00,-0.056070708
2025-09-18 12:00:00,0.030206813
2025-09-18 13:00:00,0.4914421
2025-09-18 14:00:00,0.8370005
2025-09-18 15:00:00,0.9947082
2025-09-18 16:00:00,1.0310186
2025-09-18 17:00:00,0.93054026
2025-09-18 18:00:00,0.6570495
2025-09-18 19:00:00,0.37908533
2025-09-18 20:00:00,0.18825454
2025-09-18 21:00:00,0.05215938
2025-09-18 22:00:00,-0.056571256
2025-09-18 23:00:00,-0.12022053
2025-09-19 00:00:00,0.002693692
2025-09-19 01:00:00,0.48417243
2025-09-19 02:00:00,0.8809642
2025-09-19 03:00:00,1.1045167
2025-09-19 04:00:00,1.2008389
2025-09-19 05:00:00,1.1722765
2025-09-19 06:00:00,0.9581451
2025-09-19 07:00:00,0.625536
2025-09-19 08:00:00,0.37762532
2025-09-19 09:00:00,0.20426883
2025-09-19 10:00:00,0.069904745
2025-09-19 11:00:00,-0.048757
2025-09-19 12:00:00,-0.103474505
2025-09-19 13:00:00,0.17770758
2025-09-19 14:00:00,0.7047569
2025-09-19 15:00:00,1.0048493
2025-09-19 16:00:00,1.1320108
2025-09-19 17:00:00,1.1246829
2025-09-19 18:00:00,0.9598759
2025-09-19 19:00:00,0.63588667
2025-09-19 20:00:00,0.37002274
2025-09-19 21:00:00,0.18659724
2025-09-19 22:00:00,0.048987012
2025-09-19 23:00:00,-0.0706362
2025-09-20 00:00:00,-0.13514215
2025-09-20 01:00:00,0.08467515
2025-09-20 02:00:00,0.6749246
2025-09-20 03:00:00,1.0625668
2025-09-20 04:00:00,1.261852
2025-09-20 05:00:00,1.3117348
2025-09-20 06:00:00,1.1928148
2025-09-20 07:00:00,0.855473
2025-09-20 08:00:00,0.5375965
2025-09-20 09:00:00,0.3263347
2025-09-20 10:00:00,0.1725466
2025-09-20 11:00:00,0.035509598
2025-09-20 12:00:00,-0.07641384
2025-09-20 13:00:00,-0.060868572
2025-09-20 14:00:00,0.44445035
2025-09-20 15:00:00,0.94768703
2025-09-20 16:00:00,1.201687
2025-09-20 17:00:00,1.2950355
2025-09-20 18:00:00,1.2222079
2025-09-20 19:00:00,0.9412956
2025-09-20 20:00:00,0.59407437
2025-09-20 21:00:00,0.35274944
2025-09-20 22:00:00,0.18464375
2025-09-20 23:00:00,0.04837675
2025-09-21 00:00:00,-0.06913768
2025-09-21 01:00:00,-0.09749493
2025-09-21 02:00:00,0.33913225
2025-09-21 03:00:00,0.9346254
2025-09-21 04:00:00,1.2561753
2025-09-21 05:00:00,1.3933173
2025-09-21 06:00:00,1.3566366
2025-09-21 07:00:00,1.1057202
2025-09-21 08:00:00,0.7262367
2025-09-21 09:00:00,0.46579087
2025-09-21 10:00:00,0.28124744
2025-09-21 11:00:00,0.13710715
2025-09-21 12:00:00,0.0024208748
2025-09-21 13:00:00,-0.08215181
2025-09-21 14:00:00,0.1316273
2025-09-21 15:00:00,0.7767777
2025-09-21 16:00:00,1.1838065
2025-09-21 17:00:00,1.3744862
2025-09-21 18:00:00,1.3943899
2025-09-21 19:00:00,1.2118092
2025-09-21 20:00:00,0.8206837
2025-09-21 21:00:00,0.5217922
2025-09-21 22:00:00,0.3188074
2025-09-21 23:00:00,0.17024817
2025-09-22 00:00:00,0.03218216
